{
  "Cooperative": {
    "efficiency": {
      "path_length_per_plane": {
        "0": 14.0,
        "1": 27.0,
        "2": 22.0,
        "3": 53.0,
        "4": 22.0,
        "5": 31.0,
        "6": 59.0,
        "7": 29.0,
        "8": 52.0,
        "9": 21.0,
        "10": 48.0,
        "11": 38.0,
        "12": 57.0,
        "13": 28.0,
        "14": 56.0
      },
      "total_path_length": 557.0,
      "avg_path_length": 37.13333333333333,
      "makespan_steps": 75,
      "avg_travel_time_steps": 35.13333333333333
    },
    "safety": {
      "collision_count": 0,
      "near_miss_count": 41,
      "min_separation_distance": 1.0,
      "safety_violation_rate": 0.0
    },
    "computational": {
      "max_planning_time_s": 0.34969162940979004,
      "std_planning_time_s": 0.0953156779737179,
      "total_runtime_s": 91.33642292022705
    },
    "congestion": {
      "avg_active_agents_per_step": 7.038961038961039,
      "avg_wait_time_steps": 0.06666666666666667,
      "total_wait_steps": 1
    },
    "fairness": {
      "travel_time_variance": 240.26666666666668,
      "travel_times_per_plane": {
        "0": 12,
        "2": 20,
        "1": 25,
        "4": 20,
        "9": 19,
        "7": 27,
        "5": 29,
        "13": 26,
        "11": 36,
        "3": 51,
        "10": 46,
        "8": 50,
        "6": 57,
        "12": 55,
        "14": 54
      }
    },
    "normalised": {
      "avg_detour_ratio": 1.0415864405908715,
      "detour_ratio_per_plane": {
        "0": 1.0769230769230769,
        "2": 1.0476190476190477,
        "1": 1.0384615384615385,
        "4": 1.0476190476190477,
        "9": 1.1666666666666667,
        "7": 1.0357142857142858,
        "5": 1.0333333333333334,
        "13": 1.037037037037037,
        "11": 1.027027027027027,
        "3": 1.0192307692307692,
        "10": 1.0212765957446808,
        "8": 1.0196078431372548,
        "6": 1.0172413793103448,
        "12": 1.0178571428571428,
        "14": 1.018181818181818
      },
      "avg_norm_travel_time": 0.9732283742239434,
      "norm_travel_time_per_plane": {
        "0": 0.9230769230769231,
        "2": 0.9523809523809523,
        "1": 0.9615384615384616,
        "4": 0.9523809523809523,
        "9": 1.0555555555555556,
        "7": 0.9642857142857143,
        "5": 0.9666666666666667,
        "13": 0.9629629629629629,
        "11": 0.972972972972973,
        "3": 0.9807692307692307,
        "10": 0.9787234042553191,
        "8": 0.9803921568627451,
        "6": 0.9827586206896551,
        "12": 0.9821428571428571,
        "14": 0.9818181818181818
      },
      "avg_planning_time_per_agent_s": 0.006246251178844898,
      "max_planning_time_per_agent_s": 0.024977973529270718,
      "avg_wait_ratio": 0.003508771929824561,
      "wait_ratio_per_plane": {
        "0": 0.0,
        "2": 0.0,
        "1": 0.0,
        "4": 0.0,
        "9": 0.05263157894736842,
        "7": 0.0,
        "5": 0.0,
        "13": 0.0,
        "11": 0.0,
        "3": 0.0,
        "10": 0.0,
        "8": 0.0,
        "6": 0.0,
        "12": 0.0,
        "14": 0.0
      },
      "detour_ratio_cv": 0.036657822439646194
    }
  },
  "Long Range A*": {
    "efficiency": {
      "path_length_per_plane": {
        "0": 14.0,
        "1": 27.0,
        "2": 22.0,
        "3": 53.0,
        "4": 22.0,
        "5": 31.0,
        "6": 59.0,
        "7": 29.0,
        "8": 52.0,
        "9": 21.0,
        "10": 48.0,
        "11": 38.0,
        "12": 57.0,
        "13": 28.0,
        "14": 56.0
      },
      "total_path_length": 557.0,
      "avg_path_length": 37.13333333333333,
      "makespan_steps": 75,
      "avg_travel_time_steps": 35.13333333333333
    },
    "safety": {
      "collision_count": 0,
      "near_miss_count": 44,
      "min_separation_distance": 1.0,
      "safety_violation_rate": 0.0
    },
    "computational": {
      "max_planning_time_s": 0.0015654563903808594,
      "std_planning_time_s": 0.00045713811272277924,
      "total_runtime_s": 91.35410165786743
    },
    "congestion": {
      "avg_active_agents_per_step": 7.038961038961039,
      "avg_wait_time_steps": 0.06666666666666667,
      "total_wait_steps": 1
    },
    "fairness": {
      "travel_time_variance": 240.26666666666668,
      "travel_times_per_plane": {
        "0": 12,
        "2": 20,
        "1": 25,
        "4": 20,
        "9": 19,
        "7": 27,
        "5": 29,
        "13": 26,
        "11": 36,
        "3": 51,
        "10": 46,
        "8": 50,
        "6": 57,
        "12": 55,
        "14": 54
      }
    },
    "normalised": {
      "avg_detour_ratio": 1.0415864405908715,
      "detour_ratio_per_plane": {
        "0": 1.0769230769230769,
        "2": 1.0476190476190477,
        "1": 1.0384615384615385,
        "4": 1.0476190476190477,
        "9": 1.1666666666666667,
        "7": 1.0357142857142858,
        "5": 1.0333333333333334,
        "13": 1.037037037037037,
        "11": 1.027027027027027,
        "3": 1.0192307692307692,
        "10": 1.0212765957446808,
        "8": 1.0196078431372548,
        "6": 1.0172413793103448,
        "12": 1.0178571428571428,
        "14": 1.018181818181818
      },
      "avg_norm_travel_time": 0.9732283742239434,
      "norm_travel_time_per_plane": {
        "0": 0.9230769230769231,
        "2": 0.9523809523809523,
        "1": 0.9615384615384616,
        "4": 0.9523809523809523,
        "9": 1.0555555555555556,
        "7": 0.9642857142857143,
        "5": 0.9666666666666667,
        "13": 0.9629629629629629,
        "11": 0.972972972972973,
        "3": 0.9807692307692307,
        "10": 0.9787234042553191,
        "8": 0.9803921568627451,
        "6": 0.9827586206896551,
        "12": 0.9821428571428571,
        "14": 0.9818181818181818
      },
      "avg_planning_time_per_agent_s": 8.37167738710691e-05,
      "max_planning_time_per_agent_s": 0.00020122528076171875,
      "avg_wait_ratio": 0.003508771929824561,
      "wait_ratio_per_plane": {
        "0": 0.0,
        "2": 0.0,
        "1": 0.0,
        "4": 0.0,
        "9": 0.05263157894736842,
        "7": 0.0,
        "5": 0.0,
        "13": 0.0,
        "11": 0.0,
        "3": 0.0,
        "10": 0.0,
        "8": 0.0,
        "6": 0.0,
        "12": 0.0,
        "14": 0.0
      },
      "detour_ratio_cv": 0.036657822439646194
    }
  },
  "CBS": {
    "efficiency": {
      "path_length_per_plane": {
        "0": 14.0,
        "1": 27.0,
        "2": 30.0,
        "3": 53.0,
        "4": 22.0,
        "5": 33.0,
        "6": 59.0,
        "7": 29.0,
        "8": 52.0,
        "9": 21.0,
        "10": 48.0,
        "11": 38.0,
        "12": 57.0,
        "13": 28.0,
        "14": 56.0
      },
      "total_path_length": 567.0,
      "avg_path_length": 37.8,
      "makespan_steps": 75,
      "avg_travel_time_steps": 35.8
    },
    "safety": {
      "collision_count": 0,
      "near_miss_count": 31,
      "min_separation_distance": 1.0,
      "safety_violation_rate": 0.0
    },
    "computational": {
      "max_planning_time_s": 1.9806153774261475,
      "std_planning_time_s": 0.5379363711481291,
      "total_runtime_s": 91.37039232254028
    },
    "congestion": {
      "avg_active_agents_per_step": 7.1688311688311686,
      "avg_wait_time_steps": 0.4,
      "total_wait_steps": 6
    },
    "fairness": {
      "travel_time_variance": 225.6,
      "travel_times_per_plane": {
        "0": 12,
        "1": 25,
        "4": 20,
        "9": 19,
        "2": 28,
        "7": 27,
        "5": 31,
        "13": 26,
        "11": 36,
        "3": 51,
        "10": 46,
        "8": 50,
        "6": 57,
        "12": 55,
        "14": 54
      }
    },
    "normalised": {
      "avg_detour_ratio": 1.0714277104321412,
      "detour_ratio_per_plane": {
        "0": 1.0769230769230769,
        "1": 1.0384615384615385,
        "4": 1.0476190476190477,
        "9": 1.1666666666666667,
        "2": 1.4285714285714286,
        "7": 1.0357142857142858,
        "5": 1.1,
        "13": 1.037037037037037,