{
  "Algorithm A": {
    "efficiency": {
      "path_length_per_plane": {
        "0": 45.0,
        "1": 17.0,
        "2": 34.0,
        "3": 28.0,
        "4": 20.0,
        "5": 46.0,
        "6": 18.0,
        "7": 25.0,
        "8": 14.0,
        "9": 15.0,
        "10": 42.0,
        "11": 30.0,
        "12": 38.0,
        "13": 37.0,
        "14": 31.0
      },
      "total_path_length": 440.0,
      "avg_path_length": 29.333333333333332,
      "makespan_steps": 69,
      "avg_travel_time_steps": 27.333333333333332
    },
    "safety": {
      "collision_count": 0,
      "near_miss_count": 49,
      "min_separation_distance": 1.0,
      "safety_violation_rate": 0.0
    },
    "computational": {
      "max_planning_time_s": 1.1148998737335205,
      "std_planning_time_s": 0.33009030167946424,
      "total_runtime_s": 48.23112607002258
    },
    "congestion": {
      "avg_active_agents_per_step": 5.985915492957746,
      "avg_wait_time_steps": 0.0,
      "total_wait_steps": 0
    },
    "fairness": {
      "travel_time_variance": 119.38095238095238,
      "travel_times_per_plane": {
        "1": 15,
        "4": 18,
        "3": 26,
        "2": 32,
        "6": 16,
        "8": 12,
        "9": 13,
        "0": 43,
        "7": 23,
        "11": 28,
        "5": 44,
        "14": 29,
        "12": 36,
        "13": 35,
        "10": 40
      }
    },
    "normalised": {
      "avg_detour_ratio": 1.0415516084218852,
      "detour_ratio_per_plane": {
        "1": 1.0625,
        "4": 1.0526315789473684,
        "3": 1.037037037037037,
        "2": 1.0303030303030303,
        "6": 1.0588235294117647,
        "8": 1.0769230769230769,
        "9": 1.0714285714285714,
        "0": 1.0227272727272727,
        "7": 1.0416666666666667,
        "11": 1.0344827586206897,
        "5": 1.0222222222222221,
        "14": 1.0333333333333334,
        "12": 1.027027027027027,
        "13": 1.0277777777777777,
        "10": 1.024390243902439
      },
      "avg_norm_travel_time": 0.9584483915781149,
      "norm_travel_time_per_plane": {
        "1": 0.9375,
        "4": 0.9473684210526315,
        "3": 0.9629629629629629,
        "2": 0.9696969696969697,
        "6": 0.9411764705882353,
        "8": 0.9230769230769231,
        "9": 0.9285714285714286,
        "0": 0.9772727272727273,
        "7": 0.9583333333333334,
        "11": 0.9655172413793104,
        "5": 0.9777777777777777,
        "14": 0.9666666666666667,
        "12": 0.972972972972973,
        "13": 0.9722222222222222,
        "10": 0.975609756097561
      },
      "avg_planning_time_per_agent_s": 0.02812899006342526,
      "max_planning_time_per_agent_s": 0.10432779788970947,
      "avg_wait_ratio": 0.0,
      "wait_ratio_per_plane": {
        "1": 0.0,
        "4": 0.0,
        "3": 0.0,
        "2": 0.0,
        "6": 0.0,
        "8": 0.0,
        "9": 0.0,
        "0": 0.0,
        "7": 0.0,
        "11": 0.0,
        "5": 0.0,
        "14": 0.0,
        "12": 0.0,
        "13": 0.0,
        "10": 0.0
      },
      "detour_ratio_cv": 0.017575266372057013
    }
  }
}